{"network":{"id":1,"name":"Builder's Guide","status":3,"path":"/Users/jamal/.polar/networks/1","nodes":{"bitcoin":[{"id":0,"networkId":1,"name":"backend1","type":"bitcoin","implementation":"bitcoind","version":"23.0","peers":[],"status":3,"ports":{"rpc":18444,"p2p":19444,"zmqBlock":28334,"zmqTx":29335},"docker":{"image":"","command":""}}],"lightning":[{"id":0,"networkId":1,"name":"alice","type":"lightning","implementation":"LND","version":"0.15.4-beta","status":3,"backendName":"backend1","paths":{"tlsCert":"/Users/jamal/.polar/networks/1/volumes/lnd/alice/tls.cert","adminMacaroon":"/Users/jamal/.polar/networks/1/volumes/lnd/alice/data/chain/bitcoin/regtest/admin.macaroon","invoiceMacaroon":"/Users/jamal/.polar/networks/1/volumes/lnd/alice/data/chain/bitcoin/regtest/invoice.macaroon","readonlyMacaroon":"/Users/jamal/.polar/networks/1/volumes/lnd/alice/data/chain/bitcoin/regtest/readonly.macaroon"},"ports":{"rest":8081,"grpc":10001,"p2p":9735},"docker":{"image":"","command":""}},{"id":1,"networkId":1,"name":"bob","type":"lightning","implementation":"LND","version":"0.15.4-beta","status":3,"backendName":"backend1","paths":{"tlsCert":"/Users/jamal/.polar/networks/1/volumes/lnd/bob/tls.cert","adminMacaroon":"/Users/jamal/.polar/networks/1/volumes/lnd/bob/data/chain/bitcoin/regtest/admin.macaroon","invoiceMacaroon":"/Users/jamal/.polar/networks/1/volumes/lnd/bob/data/chain/bitcoin/regtest/invoice.macaroon","readonlyMacaroon":"/Users/jamal/.polar/networks/1/volumes/lnd/bob/data/chain/bitcoin/regtest/readonly.macaroon"},"ports":{"rest":8082,"grpc":10002,"p2p":9736},"docker":{"image":"","command":""}},{"id":2,"networkId":1,"name":"carol","type":"lightning","implementation":"LND","version":"0.15.4-beta","status":3,"backendName":"backend1","paths":{"tlsCert":"/Users/jamal/.polar/networks/1/volumes/lnd/carol/tls.cert","adminMacaroon":"/Users/jamal/.polar/networks/1/volumes/lnd/carol/data/chain/bitcoin/regtest/admin.macaroon","invoiceMacaroon":"/Users/jamal/.polar/networks/1/volumes/lnd/carol/data/chain/bitcoin/regtest/invoice.macaroon","readonlyMacaroon":"/Users/jamal/.polar/networks/1/volumes/lnd/carol/data/chain/bitcoin/regtest/readonly.macaroon"},"ports":{"rest":8083,"grpc":10003,"p2p":9737},"docker":{"image":"","command":""}}]}},"chart":{"offset":{"x":0,"y":0},"nodes":{"backend1":{"id":"backend1","type":"bitcoin","position":{"x":200,"y":400},"ports":{"backend":{"id":"backend","type":"top","position":{"x":100,"y":0}},"peer-left":{"id":"peer-left","type":"left","position":{"x":0,"y":22}},"peer-right":{"id":"peer-right","type":"right","position":{"x":200,"y":22}}},"size":{"width":200,"height":43},"properties":{"status":3,"icon":"./static/media/bitcoin.c9f33461.svg"}},"alice":{"id":"alice","type":"lightning","position":{"x":50,"y":100},"ports":{"empty-left":{"id":"empty-left","type":"left","position":{"x":0,"y":31}},"empty-right":{"id":"empty-right","type":"right","position":{"x":200,"y":19}},"backend":{"id":"backend","type":"bottom","position":{"x":100,"y":61}},"c54d1dd8d845":{"id":"c54d1dd8d845","type":"right","properties":{"nodeId":"alice","initiator":true},"position":{"x":200,"y":43}}},"size":{"width":200,"height":61},"properties":{"status":3,"icon":"./static/media/lnd.095d2fef.png"}},"bob":{"id":"bob","type":"lightning","position":{"x":300,"y":200},"ports":{"empty-left":{"id":"empty-left","type":"left","position":{"x":0,"y":19}},"empty-right":{"id":"empty-right","type":"right","position":{"x":200,"y":19}},"backend":{"id":"backend","type":"bottom","position":{"x":100,"y":61}},"c54d1dd8d845":{"id":"c54d1dd8d845","type":"left","properties":{"nodeId":"bob"},"position":{"x":0,"y":43}},"63f7e398fd68":{"id":"63f7e398fd68","type":"right","properties":{"nodeId":"bob","initiator":true},"position":{"x":200,"y":43}}},"size":{"width":200,"height":61},"properties":{"status":3,"icon":"./static/media/lnd.095d2fef.png"}},"carol":{"id":"carol","type":"lightning","position":{"x":550,"y":100},"ports":{"empty-left":{"id":"empty-left","type":"left","position":{"x":0,"y":19}},"empty-right":{"id":"empty-right","type":"right","position":{"x":200,"y":31}},"backend":{"id":"backend","type":"bottom","position":{"x":100,"y":61}},"63f7e398fd68":{"id":"63f7e398fd68","type":"left","properties":{"nodeId":"carol"},"position":{"x":0,"y":43}}},"size":{"width":200,"height":61},"properties":{"status":3,"icon":"./static/media/lnd.095d2fef.png"}}},"links":{"alice-backend1":{"id":"alice-backend1","from":{"nodeId":"alice","portId":"backend"},"to":{"nodeId":"backend1","portId":"backend"},"properties":{"type":"backend"}},"bob-backend1":{"id":"bob-backend1","from":{"nodeId":"bob","portId":"backend"},"to":{"nodeId":"backend1","portId":"backend"},"properties":{"type":"backend"}},"carol-backend1":{"id":"carol-backend1","from":{"nodeId":"carol","portId":"backend"},"to":{"nodeId":"backend1","portId":"backend"},"properties":{"type":"backend"}},"c54d1dd8d845":{"id":"c54d1dd8d845","from":{"nodeId":"alice","portId":"c54d1dd8d845"},"to":{"nodeId":"bob","portId":"c54d1dd8d845"},"properties":{"type":"open-channel","channelPoint":"798430cdb3f009d415be92da670c3863143e1d683b31029f4c2fc54d1dd8d845:1","capacity":"250000","fromBalance":"121528","toBalance":"125001","direction":"ltr","status":"Open","isPrivate":false}},"63f7e398fd68":{"id":"63f7e398fd68","from":{"nodeId":"bob","portId":"63f7e398fd68"},"to":{"nodeId":"carol","portId":"63f7e398fd68"},"properties":{"type":"open-channel","channelPoint":"de6460553dc97c4ad338b40c3c8cd38df74b67cdc028f1bbe6cf63f7e398fd68:1","capacity":"250000","fromBalance":"121530","toBalance":"125000","direction":"ltr","status":"Open","isPrivate":false}}},"selected":{},"hovered":{},"scale":1}}